{
	"info": {
		"_postman_id": "4a18dbd3-d5a7-4124-add0-36de7f6d256a",
		"name": "Auth",
		"schema": "https://schema.getpostman.com/json/collection/v2.1.0/collection.json",
		"_exporter_id": "741492"
	},
	"item": [
		{
			"name": "Login",
			"event": [
				{
					"listen": "test",
					"script": {
						"exec": [
							"var jsonData = pm.response.json();\r",
							"pm.globals.set(\"access_token\", jsonData.access_token);"
						],
						"type": "text/javascript"
					}
				}
			],
			"request": {
				"method": "POST",
				"header": [],
				"body": {
					"mode": "raw",
					"raw": "{\r\n    \"email\": \"rodrigorahman@academiadoflutter.com.br\",\r\n    \"password\": \"1232\"\r\n}",
					"options": {
						"raw": {
							"language": "json"
						}
					}
				},
				"url": {
					"raw": "http://localhost:8080/auth",
					"protocol": "http",
					"host": [
						"localhost"
					],
					"port": "8080",
					"path": [
						"auth"
					]
				}
			},
			"response": []
		},
		{
			"name": "me",
			"event": [
				{
					"listen": "test",
					"script": {
						"exec": [
							"var jsonData = pm.response.json();\r",
							"pm.globals.set(\"access_token\", jsonData.access_token);"
						],
						"type": "text/javascript"
					}
				}
			],
			"protocolProfileBehavior": {
				"disableBodyPruning": true
			},
			"request": {
				"method": "GET",
				"header": [],
				"body": {
					"mode": "raw",
					"raw": "{\r\n    \"email\": \"rodrigorahman@academiadoflutter.com.br\",\r\n    \"password\": \"1232\"\r\n}",
					"options": {
						"raw": {
							"language": "json"
						}
					}
				},
				"url": {
					"raw": "http://localhost:8080/me",
					"protocol": "http",
					"host": [
						"localhost"
					],
					"port": "8080",
					"path": [
						"me"
					]
				}
			},
			"response": []
		},
		{
			"name": "Register",
			"event": [
				{
					"listen": "test",
					"script": {
						"exec": [
							"var jsonData = pm.response.json();\r",
							"pm.globals.set(\"access_token\", jsonData.access_token);"
						],
						"type": "text/javascript"
					}
				}
			],
			"request": {
				"method": "POST",
				"header": [],
				"body": {
					"mode": "raw",
					"raw": "{\r\n    \"name\": \"Rodrigo Rahman\",\r\n    \"email\": \"rodrigorahman2@academiadoflutter.com.br\",\r\n    \"password\": \"123\"\r\n}",
					"options": {
						"raw": {
							"language": "json"
						}
					}
				},
				"url": {
					"raw": "http://localhost:8080/users",
					"protocol": "http",
					"host": [
						"localhost"
					],
					"port": "8080",
					"path": [
						"users"
					]
				}
			},
			"response": []
		}
	]
}