{
	"info": {
		"_postman_id": "10326762-586d-4a18-91c4-124dc7ee41f2",
		"name": "Order",
		"schema": "https://schema.getpostman.com/json/collection/v2.1.0/collection.json",
		"_exporter_id": "741492"
	},
	"item": [
		{
			"name": "Order",
			"request": {
				"auth": {
					"type": "bearer",
					"bearer": [
						{
							"key": "token",
							"value": "{{access_token}}",
							"type": "string"
						}
					]
				},
				"method": "POST",
				"header": [],
				"body": {
					"mode": "raw",
					"raw": "{\r\n    \"id\": 1,\r\n    \"products\": [\r\n        {\r\n            \"id\": 1,\r\n            \"amount\": 2,\r\n            \"total_price\": 38.00\r\n        },\r\n        {\r\n            \"id\": 2,\r\n            \"amount\": 1,\r\n            \"total_price\": 19.00\r\n        }\r\n    ],\r\n    \"user_id\": \"#userAuthRef\",\r\n    \"address\": \"Av Paulista, 51 São Paulo\",\r\n    \"CPF\": 1234156464,\r\n    \"payment_method_id\": 1\r\n}",
					"options": {
						"raw": {
							"language": "json"
						}
					}
				},
				"url": {
					"raw": "http://localhost:8080/orders",
					"protocol": "http",
					"host": [
						"localhost"
					],
					"port": "8080",
					"path": [
						"orders"
					]
				}
			},
			"response": []
		},
		{
			"name": "Orders",
			"protocolProfileBehavior": {
				"disableBodyPruning": true
			},
			"request": {
				"auth": {
					"type": "bearer",
					"bearer": [
						{
							"key": "token",
							"value": "{{access_token}}",
							"type": "string"
						}
					]
				},
				"method": "GET",
				"header": [],
				"body": {
					"mode": "raw",
					"raw": "{\r\n    \"name\": \"Porção de 500g Calabresa acebolada\",\r\n    \"description\": \"\",\r\n    \"price\": 19.0,\r\n    \"image_path\": \"https://www.anamariabrogui.com.br/assets/uploads/receitas/fotos/usuario-1682-52acab79d88efd805e6a341697e6aecb.jpg\"\r\n}",
					"options": {
						"raw": {
							"language": "json"
						}
					}
				},
				"url": {
					"raw": "http://localhost:8080/orders",
					"protocol": "http",
					"host": [
						"localhost"
					],
					"port": "8080",
					"path": [
						"orders"
					]
				}
			},
			"response": []
		},
		{
			"name": "Product Edit",
			"request": {
				"method": "PUT",
				"header": [],
				"body": {
					"mode": "raw",
					"raw": "{\r\n    \"name\": \"X-Churrasco\",\r\n    \"description\": \"Lanche acompanha pão francês, contra filé, alface, vinagrete, queijo e maionese\",\r\n    \"price\": 23.0,\r\n    \"image_path\": \"http://www.saboresajinomoto.com.br/uploads/images/recipes/sanduiche-de-churrasco.jpg\"\r\n}",
					"options": {
						"raw": {
							"language": "json"
						}
					}
				},
				"url": {
					"raw": "http://localhost:8080/products/3",
					"protocol": "http",
					"host": [
						"localhost"
					],
					"port": "8080",
					"path": [
						"products",
						"3"
					]
				}
			},
			"response": []
		}
	]
}